Word,Lemma,POS,Year,Register
roaring,roar,jj@_nn1@,1810,fic
music,music,nn1,1810,fic
dry,dry,jj,1810,fic
dry,dry,jj,1810,fic
look,look,vvi,1810,fic
eye,eye,nn1,1810,fic
yellow,yellow,jj_nn1@,1810,fic
see,see,vvi,1810,fic
speak,speak,vvi,1810,fic
see,see,vvi,1810,fic
clear,clear,jj,1810,fic
voice,voice,nn1,1810,fic
look,look,vv0_nn1,1810,fic
clear,clear,jj,1810,fic
picture,picture,nn1,1810,fic
picture,picture,nn1,1810,fic
look,look,vvi,1810,fic
bitter,bitter,jj,1810,fic
see,see,vvi,1810,fic
cold,cold,jj_rr%,1810,fic
hot,hot,jj,1810,fic
hot,hot,jj,1810,fic
burning,burn,vvg_jj,1810,fic
dry,dry,jj,1810,fic
touch,touch,vvi,1810,fic
see,see,vv0,1810,fic
see,see,vvi,1810,fic
look,look,nn1_vv0,1810,fic
look,look,vv0,1810,fic
clash,clash,vv0,1810,fic
jingle,jingle,vv0@_nn1,1810,fic
bell,bell,nn1@_np1,1810,fic
bell,bell,np1,1810,fic
see,see,vvi,1810,fic
roaring,roar,jj@_nn1@,1810,fic
hear,hear,vv0,1810,fic
see,see,vvi,1810,fic
sunny,sunny,jj,1810,fic
speak,speak,vvi,1810,fic
music,music,nn1,1810,fic
speak,speak,vvi,1810,fic
speak,speak,vv0,1810,fic
white,white,jj,1810,fic
look,look,vv0,1810,fic
white,white,jj,1810,fic
bell,bell,np1,1810,fic
look,look,vv0,1810,fic
see,see,vvi,1810,fic
sharp,sharp,jj_rr@,1810,fic
touch,touch,nn1,1810,fic
eye,eye,nn1,1810,fic
bright,bright,jj,1810,fic
bright,bright,jj,1810,fic
watch,watch,vvi,1810,fic
look,look,nn1,1810,fic
gaze,gaze,nn1,1810,fic
speak,speak,vv0,1810,fic
talk,talk,vvi,1810,fic
hear,hear,vv0,1810,fic
hear,hear,vv0,1810,fic
perfumed,perfumed,jj,1810,fic
shine,shine,vvi,1810,fic
see,see,vv0,1810,fic
see,see,vv0,1810,fic
image,image,nn1,1810,fic
see,see,vv0,1810,fic
black,black,jj,1810,fic
see,see,vv0,1810,fic
see,see,vv0,1810,fic
see,see,vv0,1810,fic
hear,hear,vvi,1810,fic
clear,clear,jj,1810,fic
sound,sound,nn1_jj@,1810,fic
wet,wet,jj_vvn@,1810,fic
eye,eye,nn1,1810,fic
wet,wet,jj,1810,fic
voice,voice,nn1,1810,fic
voice,voice,vv0@_nn1,1810,fic
hear,hear,vvi,1810,fic
hear,hear,vvi,1810,fic
voice,voice,nn1_vv0@,1810,fic
voice,voice,vv0@_nn1,1810,fic
see,see,vv0,1810,fic
delicious,delicious,jj,1810,fic
see,see,vvi,1810,fic
picture,picture,nn1,1810,fic
talk,talk,vv0,1810,fic
see,see,vv0,1810,fic
murmur,murmur,vv0,1810,fic
picture,picture,nn1,1810,fic
murmur,murmur,vv0,1810,fic
look,look,vv0,1810,fic
see,see,vvi,1810,fic
see,see,vvi,1810,fic
hear,hear,vvi,1810,fic
warm,warm,jj,1810,fic
see,see,vvi,1810,fic
see,see,vvi,1810,fic
brilliant,brilliant,jj,1810,fic
music,music,nn1,1810,fic
see,see,vvi,1810,fic
see,see,vvi,1810,fic
music,music,nn1,1810,fic
voice,voice,nn1,1810,fic
voice,voice,nn1,1810,fic
see,see,vvi,1810,fic
see,see,vvi,1810,fic
bell,bell,np1_nn1@,1810,fic
see,see,vvi,1810,fic
rigid,rigid,jj,1810,fic
shadow,shadow,nn1,1810,fic
speak,speak,vvi,1810,fic
rough,rough,jj,1810,fic
warm,warm,jj,1810,fic
smooth,smooth,vv0@,1810,fic
speak,speak,vvi,1810,fic
heat,heat,nn1,1810,fic
sight,sight,nn1,1810,fic
green,green,np1,1810,fic
taste,taste,nn1,1810,fic
green,green,np1,1810,fic
vivid,vivid,jj,1810,fic
acid,acid,nn1,1810,fic
look,look,vvi,1810,fic
cold,cold,nn1_jj,1810,fic
silence,silence,nn1,1810,fic
speak,speak,vv0,1810,fic
look,look,vv0_nn1,1810,fic
eye,eye,nn1,1810,fic
speak,speak,vvi,1810,fic
sweetness,sweetness,nn1,1810,fic
voice,voice,nn1,1810,fic
bright,bright,jj,1810,fic
eye,eye,nn1,1810,fic
see,see,vvi,1810,fic
noise,noise,nn1,1810,fic
see,see,vvi,1810,fic
silence,silence,nn1,1810,fic
gleam,gleam,vv0_nn1,1810,fic
behold,behold,vv0,1810,fic
gaze,gaze,nn1,1810,fic
sweet,sweet,jj,1810,fic
see,see,vvi,1810,fic
warm,warm,jj,1810,fic
shade,shade,nn1,1811,fic
speak,speak,vvi,1811,fic
tickle,tickle,vvi,1811,fic
eye,eye,nn1,1811,fic
see,see,vvi,1811,fic
see,see,vv0,1811,fic
voice,voice,nn1,1811,fic
see,see,vv0,1811,fic
speak,speak,vv0,1811,fic
speak,speak,vv0,1811,fic
see,see,vvi,1811,fic
see,see,vv0,1811,fic
hear,hear,vvi,1811,fic
dumb,dumb,jj,1811,fic
sound,sound,jj_rr,1811,fic
see,see,vvi,1811,fic
see,see,vvi,1811,fic
dark,dark,jj_nn1,1811,fic
gray,gray,jj,1811,fic
tender,tender,jj,1811,fic
shade,shade,nn1_vv0@,1811,fic
picture,picture,nn1,1811,fic
bright,bright,jj,1811,fic
voice,voice,nn1,1811,fic
see,see,vv0,1811,fic
look,look,nn1,1811,fic
silent,silent,jj,1811,fic
look,look,vvi,1811,fic
silence,silence,nn1,1811,fic
hear,hear,vvi,1811,fic
see,see,vvi,1811,fic
see,see,vv0,1811,fic
eye,eye,nn1,1811,fic
see,see,vvi,1811,fic
coldness,coldness,nn1,1811,fic
see,see,vv0,1811,fic
hear,hear,vvi,1811,fic
tender,tender,jj,1811,fic
see,see,vv0,1811,fic
eye,eye,nn1,1811,fic
talk,talk,nn1,1811,fic
see,see,vvi,1811,fic
see,see,vvi,1811,fic
sight,sight,nn1,1811,fic
see,see,vvi,1811,fic
see,see,vvi,1811,fic
hear,hear,vvi,1811,fic
eye,eye,nn1,1811,fic
silent,silent,jj,1811,fic
heat,heat,nn1,1812,fic
loud,loud,rr_jj,1812,fic
trumpet,trumpet,nn1,1812,fic
sound,sound,nn1,1812,fic
watch,watch,vvi,1812,fic
behold,behold,vvi,1812,fic
red,red,jj_nn1,1812,fic
voice,voice,nn1,1812,fic
black,black,jj,1812,fic
soft,soft,jj,1812,fic
shining,shine,jj,1812,fic
speak,speak,vv0,1812,fic
speak,speak,vv0,1812,fic
golden,golden,jj,1812,fic
hear,hear,vvi,1812,fic
sound,sound,nn1,1812,fic
image,image,nn1,1812,fic
black,black,jj,1812,fic
speak,speak,vvi,1812,fic
talk,talk,vv0_nn1,1812,fic
music,music,nn1,1812,fic
talk,talk,nn1,1812,fic
speak,speak,vv0,1812,fic
see,see,vv0,1812,fic
behold,behold,vvi,1812,fic
trumpet,trumpet,nn1,1812,fic
sound,sound,nn1,1812,fic
see,see,vv0,1812,fic
touch,touch,nn1,1812,fic
lute,lute,nn1,1812,fic
song,song,nn1,1812,fic
sharp,sharp,jj,1812,fic
talk,talk,nn1,1812,fic
watch,watch,vv0,1812,fic
glance,glance,nn1,1812,fic
black,black,jj,1812,fic
voice,voice,nn1,1812,fic
soft,soft,jj,1812,fic
cold,cold,jj,1812,fic
behold,behold,vvi,1812,fic
music,music,nn1,1812,fic
pale,pale,jj,1812,fic
sharp,sharp,jj,1812,fic
scream,scream,vv0_nn1,1812,fic
music,music,nn1,1812,fic
picture,picture,nn1,1812,fic
hear,hear,vvi,1812,fic
harp,harp,nn1,1812,fic
sing,sing,vvi,1812,fic
voice,voice,nn1,1812,fic
speak,speak,vv0,1812,fic
song,song,nn1,1812,fic
sing,sing,vvi,1812,fic
look,look,nn1,1812,fic
clash,clash,vv0,1812,fic
shout,shout,vv0_nn1,1812,fic
hear,hear,vvi,1812,fic
see,see,vv0,1812,fic
look,look,vv0_nn1,1812,fic
sight,sight,nn1,1812,fic
deaf,deaf,jj,1812,fic
deaf,deaf,jj,1812,fic
stifled,stifle,vvn,1812,fic
glance,glance,nn1,1812,fic
glance,glance,nn1,1812,fic
sight,sight,nn1,1812,fic
sound,sound,nn1,1812,fic
behold,behold,vv0,1812,fic
listen,listen,vv0,1812,fic
dull,dull,jj,1812,fic
voice,voice,nn1,1812,fic
gaze,gaze,nn1,1812,fic
speak,speak,vvi,1812,fic
glance,glance,nn1,1812,fic
voice,voice,nn1,1812,fic
voice,voice,nn1,1812,fic
listen,listen,vv0,1812,fic
voice,voice,nn1,1812,fic
listen,listen,vv0,1812,fic
voice,voice,nn1,1812,fic
warmth,warmth,nn1,1812,fic
sweet,sweet,jj,1812,fic
dumb,dumb,jj,1812,fic
hear,hear,vv0,1812,fic
speak,speak,vvi,1812,fic
watch,watch,vv0,1812,fic
speak,speak,vv0,1812,fic
see,see,vv0,1812,fic
see,see,vv0,1812,fic
hear,hear,vv0,1812,fic
clash,clash,vv0,1812,fic
speak,speak,vvi,1812,fic
song,song,nn1,1812,fic
soft,soft,jj,1812,fic
speak,speak,vv0,1812,fic
hear,hear,vv0,1812,fic
sight,sight,nn1,1812,fic
gaze,gaze,nn1,1812,fic
glance,glance,nn1,1812,fic
dark,dark,jj_nn1,1812,fic
look,look,nn1,1812,fic
rigid,rigid,jj,1812,fic
reflection,reflection,nn1,1812,fic
eye,eye,nn1,1812,fic
warm,warm,jj,1812,fic
rigid,rigid,jj,1812,fic
silence,silence,nn1,1812,fic
see,see,vv0,1812,fic
hear,hear,vv0,1812,fic
touch,touch,vvi,1812,fic
hear,hear,vv0,1812,fic
hear,hear,vv0,1812,fic
sight,sight,nn1,1812,fic
clear,clear,rr@,1812,fic
behold,behold,vv0,1812,fic
stroke,stroke,nn1,1812,fic
sound,sound,nn1,1812,fic
see,see,vv0,1812,fic
sound,sound,vv0@,1812,fic
see,see,vv0_nn1@,1812,fic
voice,voice,nn1,1812,fic
behold,behold,vv0,1812,fic
hear,hear,vv0,1812,fic
hear,hear,vv0,1812,fic
hear,hear,vv0,1812,fic
speak,speak,vvi,1812,fic
see,see,vvi,1812,fic
eye,eye,nn1,1812,fic
purple,purple,jj_nn1@,1812,fic
see,see,vvi,1812,fic
music,music,nn1,1812,fic
watch,watch,nn1,1812,fic
soft,soft,jj,1812,fic
silent,silent,jj,1812,fic
behold,behold,vv0,1812,fic
piercing,pierce,jj,1812,fic
glance,glance,nn1,1812,fic
eye,eye,nn1,1812,fic
see,see,vvi,1812,fic
see,see,vvi,1812,fic
shadow,shadow,nn1,1812,fic
bright,bright,jj,1812,fic
noise,noise,nn1,1812,fic
see,see,vvi,1812,fic
talk,talk,vvi,1812,fic
drone,drone,nn1,1812,fic
see,see,vvi,1812,fic
loud,loud,jj,1812,fic
see,see,vvi,1812,fic
voice,voice,nn1,1812,fic
watch,watch,nn1,1812,fic
noise,noise,nn1,1812,fic
hear,hear,vvi,1812,fic
speak,speak,vv0,1812,fic
polished,polished,jj,1812,fic
see,see,vvi,1812,fic
cold,cold,jj_nn1,1812,fic
see,see,vv0,1812,fic
picture,picture,nn1,1812,fic
cold,cold,jj,1812,fic
red,red,jj,1812,fic
pale,pale,jj,1812,fic
cold,cold,jj_nn1,1812,fic
see,see,vvi,1812,fic
hear,hear,vvi,1812,fic
see,see,vvi,1812,fic
noise,noise,nn1,1812,fic
talk,talk,vvi,1812,fic
deaf,deaf,jj,1812,fic
deaf,deaf,jj,1812,fic
see,see,vvi,1812,fic
see,see,vv0,1812,fic
look,look,vv0,1812,fic
pale,pale,jj,1812,fic
see,see,vv0,1812,fic
see,see,vv0,1812,fic
silence,silence,vv0@_nn1,1812,fic
hear,hear,vvi,1812,fic
talk,talk,vv0_nn1,1812,fic
sweet,sweet,jj,1812,fic
see,see,nn1@_vv0,1812,fic
speak,speak,vvi,1812,fic
look,look,vv0,1812,fic
blue,blue,jj,1812,fic
talk,talk,nn1_vv0,1812,fic
speak,speak,vvi,1812,fic
see,see,vvi,1812,fic
hear,hear,vvi,1812,fic
hear,hear,vv0,1812,fic
hear,hear,vvi,1812,fic
see,see,vv0,1812,fic
see,see,vv0,1812,fic
see,see,vvi,1812,fic
see,see,vv0,1812,fic
see,see,vvi,1812,fic
hear,hear,vvi,1812,fic
hear,hear,vvi,1812,fic
red,red,jj,1812,fic
red,red,np1,1812,fic
white,white,jj,1812,fic
talk,talk,vv0,1812,fic
look,look,nn1,1812,fic
look,look,vv0,1812,fic
ring,ring,nn1_vv0,1812,fic
red,red,jj_nn1,1812,fic
see,see,vvi,1812,fic
sight,sight,nn1,1812,fic
green,green,np1,1812,fic
picture,picture,nn1,1812,fic
sweet,sweet,jj,1812,fic
warm,warm,vv0@_jj,1812,fic
rough,rough,jj,1812,fic
look,look,vv0,1812,fic
image,image,nn1,1813,fic
image,image,nn1,1813,fic
hear,hear,vvi,1813,fic
bright,bright,jj,1813,fic
picture,picture,nn1,1813,fic
white,white,jj,1813,fic
picture,picture,nn1,1813,fic
eye,eye,nn1,1813,fic
cold,cold,jj,1813,fic
behold,behold,vv0,1813,fic
pearly,pearly,jj,1813,fic
white,white,jj_nn1@,1813,fic
warm,warm,jj_vv0@,1813,fic
sweet,sweet,jj,1813,fic
gleam,gleam,nn1,1813,fic
blue,blue,jj,1813,fic
behold,behold,vv0,1813,fic
black,black,jj_nn1@,1813,fic
sight,sight,nn1,1813,fic
touch,touch,nn1,1813,fic
groan,groan,nn1,1813,fic
picture,picture,nn1,1813,fic
behold,behold,vv0,1813,fic
cold,cold,jj_nn1_rr%,1813,fic
look,look,nn1_vv0,1813,fic
sight,sight,nn1,1813,fic
warm,warm,vvi,1813,fic
sweet,sweet,jj,1813,fic
delicious,delicious,jj,1813,fic
sweet,sweet,jj,1813,fic
sweet,sweet,jj,1813,fic
purple,purple,jj,1813,fic
song,song,nn1,1813,fic
soft,soft,jj,1813,fic
hear,hear,vvi,1813,fic
green,green,nn1,1813,fic
clear,clear,jj_rr@,1813,fic
crimson,crimson,jj_nn1,1813,fic
look,look,nn1,1813,fic
silence,silence,nn1,1813,fic
sweet,sweet,jj,1813,fic
cold,cold,jj,1813,fic
harmonious,harmonious,jj,1813,fic
eye,eye,nn1,1813,fic
see,see,vv0,1813,fic
bell,bell,nn1,1813,fic
purple,purple,jj,1813,fic
eye,eye,nn1,1813,fic
espy,espy,nn1_jj,1813,fic
sight,sight,nn1,1813,fic
see,see,vvi,1813,fic
harmonious,harmonious,jj,1813,fic
soft,soft,jj,1813,fic
gaze,gaze,nn1,1813,fic
picture,picture,nn1,1813,fic
sweet,sweet,jj,1813,fic
speak,speak,vvi,1814,fic
tender,tender,jj_nn1@,1814,fic
speak,speak,vvi,1814,fic
hear,hear,vv0,1814,fic
see,see,vv0,1814,fic
listen,listen,vv0,1814,fic
speak,speak,vv0,1814,fic
speak,speak,vvi,1814,fic
silent,silent,jj,1814,fic
speak,speak,vvi,1814,fic
silence,silence,nn1,1814,fic
listen,listen,nn1%,1814,fic
look,look,vv0,1814,fic
listen,listen,nn1%_vv0,1814,fic
silence,silence,nn1,1814,fic
crimson,crimson,jj_nn1,1814,fic
sharp,sharp,jj,1814,fic
see,see,vvi,1814,fic
red,red,jj,1814,fic
red,red,jj,1814,fic
dark,dark,jj_nn1,1814,fic
look,look,nn1,1814,fic
sweet,sweet,jj_np1@,1814,fic
heat,heat,nn1,1814,fic
song,song,nn1,1814,fic
look,look,nn1,1814,fic
eye,eye,nn1,1814,fic
look,look,vv0_nn1,1814,fic
sing,sing,vvi,1814,fic
sweet,sweet,jj,1814,fic
tender,tender,jj,1814,fic
see,see,vvi,1814,fic
dull,dull,jj,1814,fic
look,look,vvi,1814,fic
see,see,vvi,1814,fic
see,see,vv0,1814,fic
see,see,vvi,1814,fic
hear,hear,vv0,1814,fic
talk,talk,vvi,1814,fic
song,song,nn1,1814,fic
noisy,noisy,jj,1814,fic
noise,noise,nn1,1814,fic
red,red,jj,1814,fic
red,red,jj,1814,fic
sight,sight,nn1,1814,fic
see,see,vvi,1814,fic
delicious,delicious,jj,1814,fic
taste,taste,vvi,1814,fic
red,red,nn1_jj,1814,fic
speak,speak,vv0,1814,fic
see,see,vv0,1814,fic
look,look,vvi,1814,fic
sweet,sweet,jj,1814,fic
image,image,nn1,1814,fic
image,image,nn1,1814,fic
see,see,vvi,1814,fic
silence,silence,nn1,1814,fic
bitter,bitter,nn1@_jj,1814,fic
see,see,vvi,1814,fic
hear,hear,vv0,1814,fic
talk,talk,nn1_vv0,1814,fic
hear,hear,vv0,1814,fic
hear,hear,vv0,1814,fic
hear,hear,vvi,1814,fic
see,see,vv0,1814,fic
listen,listen,vv0,1814,fic
see,see,vvi,1814,fic
sight,sight,nn1,1814,fic
perfume,perfume,nn1,1814,fic
sight,sight,nn1,1814,fic
hear,hear,vv0,1814,fic
talk,talk,vvi,1814,fic
talk,talk,vv0,1814,fic
talk,talk,vvi,1814,fic
talk,talk,vvi,1814,fic
see,see,vvi,1814,fic
look,look,nn1,1814,fic
glitter,glitter,vv0@,1814,fic
scent,scent,nn1,1814,fic
look,look,nn1,1814,fic
see,see,vvi,1814,fic
speak,speak,vvi,1814,fic
hear,hear,vvi,1814,fic
look,look,vvi,1814,fic
hear,hear,vvi,1814,fic
drum,drum,nn1,1814,fic
look,look,vv0_nn1,1814,fic
song,song,nn1,1814,fic
espy,espy,nn1,1814,fic
bell,bell,nn1,1814,fic
hear,hear,vvi,1814,fic
sweet,sweet,jj,1814,fic
eye,eye,nn1,1814,fic
voice,voice,nn1,1814,fic
silent,silent,jj,1814,fic
speak,speak,vvi,1814,fic
speak,speak,vvi,1814,fic
see,see,vvi,1814,fic
listen,listen,vv0,1814,fic
speak,speak,vvi,1814,fic
speak,speak,vvi,1814,fic
speak,speak,vvi,1814,fic
see,see,vv0_nn1@,1814,fic
look,look,vvi,1814,fic
wet,wet,vvn@_vv0@_vvd@,1814,fic
talk,talk,vvi,1814,fic
hear,hear,vvi,1814,fic
speak,speak,vvi,1814,fic
hear,hear,vv0,1814,fic
drum,drum,nn1,1814,fic
soft,soft,jj,1814,fic
hear,hear,vvi,1814,fic
hear,hear,vvi,1814,fic
see,see,vv0,1814,fic
hear,hear,vv0,1814,fic
see,see,vv0,1814,fic
see,see,vvi,1814,fic
gape,gape,vvi,1814,fic
warm,warm,jj,1814,fic
hear,hear,vvi,1814,fic
sight,sight,nn1,1814,fic
see,see,vv0,1814,fic
hear,hear,vv0,1814,fic
imperceptible,imperceptible,jj,1814,fic
rigid,rigid,jj,1814,fic
image,image,nn1,1814,fic
brilliant,brilliant,jj,1814,fic
see,see,vvi,1814,fic
speak,speak,vvi,1814,fic
taste,taste,nn1,1815,fic
bright,bright,jj,1815,fic
sweetness,sweetness,nn1,1815,fic
crimson,crimson,nn1,1815,fic
see,see,vv0,1815,fic
look,look,nn1,1815,fic
glitter,glitter,vvi,1815,fic
clear,clear,jj,1815,fic
transparent,transparent,jj,1815,fic
sound,sound,nn1,1815,fic
noise,noise,nn1,1815,fic
see,see,vv0,1815,fic
sound,sound,nn1_jj@,1815,fic
green,green,jj,1815,fic
clear,clear,jj,1815,fic
sound,sound,nn1_jj@,1815,fic
look,look,vv0_nn1,1815,fic
talk,talk,nn1,1815,fic
fife,fife,nn1,1815,fic
drum,drum,nn1_vv0@,1815,fic
sweet,sweet,jj,1815,fic
eye,eye,nn1,1815,fic
sight,sight,nn1,1815,fic
see,see,vv0,1815,fic
look,look,vv0_nn1,1815,fic
look,look,vvi,1815,fic
sing,sing,vvi,1815,fic
hear,hear,vvi,1815,fic
behold,behold,vvi,1815,fic
picture,picture,nn1,1815,fic
warm,warm,jj_nn1%,1815,fic
see,see,vvi,1815,fic
look,look,vv0_nn1,1815,fic
see,see,vv0,1815,fic
dark,dark,jj_nn1,1815,fic
see,see,vv0_nn1@,1815,fic
see,see,vv0_nn1@,1815,fic
see,see,vv0,1815,fic
dark,dark,jj_nn1,1815,fic
eye,eye,nn1,1815,fic
sight,sight,nn1,1815,fic
look,look,vvi,1815,fic
eye,eye,nn1,1815,fic
dark,dark,jj_nn1,1815,fic
rigid,rigid,jj,1815,fic
taste,taste,nn1,1815,fic
sweet,sweet,jj,1815,fic
see,see,vv0,1815,fic
hear,hear,vv0,1815,fic
taste,taste,nn1,1815,fic
see,see,vv0,1815,fic
hear,hear,vv0,1815,fic
see,see,vv0,1815,fic
groan,groan,nn1,1815,fic
voice,voice,nn1,1815,fic
burning,burning,jj,1815,fic
see,see,vv0,1815,fic
talk,talk,nn1,1815,fic
see,see,vv0,1815,fic
speak,speak,vv0,1815,fic
smooth,smooth,vvi,1815,fic
speak,speak,vvi,1815,fic
voice,voice,nn1,1815,fic
voice,voice,nn1,1815,fic
deaf,deaf,jj,1815,fic
hear,hear,vv0,1815,fic
ringing,ring,vvg,1815,fic
bell,bell,nn1,1815,fic
ringing,ring,nn1,1815,fic
bell,bell,nn1,1815,fic
sound,sound,nn1,1815,fic
ring,ring,vv0,1815,fic
stare,stare,vvi,1815,fic
hear,hear,vv0,1815,fic
hear,hear,vv0,1815,fic
see,see,vvi,1815,fic
sound,sound,rr%_nn1,1815,fic
see,see,vv0,1815,fic
speak,speak,vvi,1815,fic
twang,twang,nn1,1815,fic
loud,loud,rr_jj,1815,fic
see,see,vvi,1815,fic
see,see,vv0,1815,fic
sweet,sweet,jj,1815,fic
dumb,dumb,jj,1815,fic
hum,hum,nn1,1815,fic
hum,hum,nn1,1815,fic
hum,hum,nn1_uh@,1815,fic
hum,hum,nn1_uh@,1815,fic
see,see,vvi,1815,fic
loud,loud,rr_jj,1815,fic
see,see,vvi,1815,fic
hum,hum,nn1,1815,fic
hum,hum,nn1,1815,fic
fiddle,fiddle,nn1,1815,fic
tickle,tickle,vvi,1815,fic
hear,hear,vvi,1815,fic
thunder,thunder,nn1,1815,fic
thunder,thunder,nn1,1815,fic
hear,hear,vv0,1815,fic
loud,loud,rr_jj,1815,fic
whisper,whisper,nn1,1815,fic
obscurity,obscurity,nn1,1815,fic
watch,watch,vv0,1815,fic
taste,taste,nn1,1815,fic
cold,cold,nn1_jj,1815,fic
taste,taste,nn1,1815,fic
white,white,np1,1815,fic
talk,talk,vvi,1815,fic
red,red,nn1_jj,1815,fic
see,see,vvi,1815,fic
blue,blue,jj,1815,fic
white,white,jj_nn1@,1815,fic
hot,hot,jj,1815,fic
hear,hear,vvi,1815,fic
deaf,deaf,jj,1815,fic
look,look,vvi,1815,fic
clear,clear,jj_rr@,1815,fic
eye,eye,nn1,1815,fic
black,black,jj,1815,fic
red,red,jj,1815,fic
hear,hear,vv0,1815,fic
grumble,grumble,np1_nn1,1815,fic
cold,cold,nn1_jj,1815,fic
look,look,vv0,1815,fic
sound,sound,nn1_vv0@_rr%,1815,fic
drum,drum,nn1,1815,fic
hot,hot,jj,1815,fic
shady,shady,jj,1815,fic
look,look,vv0_nn1,1815,fic
see,see,vvi,1815,fic
white,white,jj,1815,fic
gray,gray,jj_nn1@,1815,fic
see,see,vv0_nn1@,1815,fic
see,see,vv0,1815,fic
shadow,shadow,nn1_vv0@,1815,fic
song,song,nn1,1815,fic
slippery,slippery,jj,1815,fic
clear,clear,jj_rr@_vv0@,1815,fic
song,song,nn1,1815,fic
sight,sight,nn1,1815,fic
green,green,nn1_jj,1815,fic
see,see,vv0,1815,fic
brown,brown,vv0%_jj,1815,fic
sweet,sweet,np1@_nn1@_jj,1815,fic
tender,tender,jj_vv0@_nn1@,1815,fic
brown,brown,np1,1815,fic
red,red,np1,1815,fic
burning,burning,jj,1815,fic
voice,voice,nn1,1815,fic
blue,blue,jj,1815,fic
see,see,vvi,1815,fic
viola,viola,np1_nn1@_nn@,1815,fic
wet,wet,vvi,1815,fic
deaf,deaf,jj,1815,fic
speak,speak,vvi,1815,fic
hear,hear,vv0,1815,fic
sound,sound,nn1,1815,fic
voice,voice,nn1,1815,fic
sound,sound,nn1,1815,fic
hot,hot,jj,1815,fic
ting,ting,nn1,1815,fic
taste,taste,nn1,1815,fic
delicious,delicious,jj,1815,fic
cold,cold,jj_nn1,1815,fic
perfume,perfume,nn1,1815,fic
noise,noise,nn1,1815,fic
look,look,vv0,1815,fic
see,see,vv0,1815,fic
warmth,warmth,nn1,1815,fic
warmth,warmth,nn1,1815,fic
touch,touch,vvi,1815,fic
touch,touch,vvi,1815,fic
touch,touch,vvi,1815,fic
sound,sound,nn1,1815,fic
green,green,jj_nn1,1815,fic
touch,touch,vvi,1815,fic
stifled,stifle,jj@,1815,fic
chatter,chatter,vvi,1815,fic
sweet,sweet,jj_nn1@,1815,fic
see,see,vvi,1815,fic
see,see,vv0,1815,fic
speak,speak,vvi,1815,fic
silent,silent,jj,1815,fic
picture,picture,nn1,1815,fic
see,see,vvi,1815,fic
sing,sing,vv0,1815,fic
speak,speak,vvi,1815,fic
voice,voice,nn1,1815,fic
eye,eye,nn1,1815,fic
see,see,vvi,1815,fic
look,look,nn1_vv0,1815,fic
talk,talk,vvi,1815,fic
look,look,vvi,1815,fic
silent,silent,jj,1815,fic
hear,hear,vvi,1815,fic
colored,color,jj@,1815,fic
hear,hear,vvi,1815,fic
brilliant,brilliant,jj,1815,fic
hoarse,hoarse,jj,1815,fic
soft,soft,jj,1815,fic
behold,behold,vv0,1815,fic
yellow,yellow,jj,1815,fic
delicious,delicious,jj,1815,fic
see,see,vv0,1815,fic
see,see,vvi,1815,fic
shade,shade,nn1,1815,fic
brown,brown,jj,1815,fic
look,look,vv0,1815,fic
hear,hear,vvi,1815,fic
hear,hear,vvi,1815,fic
see,see,vv0,1815,fic
speak,speak,vvi,1815,fic
speak,speak,vvi,1815,fic
warm,warm,jj,1815,fic
cold,cold,jj,1815,fic
speak,speak,vv0,1815,fic
coldness,coldness,nn1,1815,fic
speak,speak,vvi,1815,fic
hear,hear,vvi,1815,fic
brilliant,brilliant,jj,1815,fic
speak,speak,vvi,1815,fic
shine,shine,vvi,1815,fic
aromatic,aromatic,jj,1815,fic
look,look,vvi,1815,fic
look,look,vv0,1815,fic
sight,sight,nn1,1815,fic
behold,behold,vv0,1817,fic
behold,behold,vv0,1817,fic
cold,cold,jj_nn1,1817,fic
look,look,vv0,1817,fic
bitter,bitter,jj,1817,fic
bright,bright,jj,1817,fic
sweet,sweet,jj_nn1@,1817,fic
taste,taste,nn1,1817,fic
hot,hot,jj,1817,fic
reflection,reflection,nn1,1817,fic
look,look,vv0,1817,fic
tasteless,tasteless,jj,1817,fic
insipid,insipid,jj,1817,fic
image,image,nn1,1817,fic
bitterness,bitterness,nn1,1817,fic
eye,eye,nn1,1817,fic
hum,hum,nn1_vv0,1817,fic
see,see,vv0,1817,fic
hear,hear,vv0,1817,fic
see,see,vv0,1817,fic
taste,taste,nn1,1817,fic
taste,taste,nn1,1817,fic
polished,polished,jj_vvn_vvd,1817,fic
picture,picture,nn1,1817,fic
see,see,vvi,1817,fic
green,green,jj_nn1,1817,fic
noise,noise,nn1,1817,fic
green,green,np1@_jj,1818,fic
behold,behold,vv0,1818,fic
golden,golden,jj,1818,fic
see,see,vv0,1818,fic
ring,ring,nn1_vv0,1818,fic
taste,taste,vvi,1818,fic
shade,shade,nn1,1818,fic
clear,clear,jj_vv0@_rr@,1818,fic
noiseless,noiseless,jj,1818,fic
smooth,smooth,jj,1818,fic
sing,sing,vv0,1818,fic
brilliant,brilliant,jj,1818,fic
see,see,vv0,1818,fic
wrinkled,wrinkled,jj,1818,fic
crimson,crimson,jj_nn1,1818,fic
eye,eye,nn1,1818,fic
hot,hot,jj,1818,fic
drum,drum,nn1_vv0@,1818,fic
trumpet,trumpet,vv0_nn1,1818,fic
golden,golden,jj,1818,fic
taste,taste,nn1,1818,fic
see,see,vv0,1818,fic
glitter,glitter,nn1,1818,fic
see,see,vv0,1818,fic
look,look,vvi,1818,fic
behold,behold,vv0,1818,fic
look,look,nn1,1818,fic
see,see,vv0,1818,fic
look,look,nn1,1818,fic
speak,speak,vv0,1818,fic
shine,shine,nn1_vv0,1818,fic
taste,taste,vvi,1818,fic
noise,noise,nn1,1818,fic
loud,loud,rr_jj,1818,fic
music,music,nn1,1818,fic
eye,eye,nn1,1818,fic
eye,eye,nn1,1818,fic
watch,watch,vvi,1818,fic
behold,behold,vv0,1818,fic
song,song,nn1,1818,fic
brilliant,brilliant,jj,1818,fic
image,image,nn1,1818,fic
warmth,warmth,nn1,1818,fic
sour,sour,jj_vv0@,1818,fic
sweet,sweet,jj,1818,fic
taste,taste,nn1,1818,fic
music,music,nn1,1818,fic
reflection,reflection,nn1,1818,fic
sweet,sweet,jj,1818,fic
tender,tender,jj,1818,fic
image,image,nn1,1818,fic
song,song,nn1,1818,fic
music,music,nn1,1818,fic
sing,sing,vv0,1818,fic
song,song,nn1,1818,fic
loud,loud,jj,1818,fic
glitter,glitter,nn1,1818,fic
sound,sound,nn1,1818,fic
thunder,thunder,nn1,1818,fic
bright,bright,jj,1818,fic
music,music,nn1,1818,fic
peep,peep,vvi,1818,fic
look,look,vvi,1818,fic
music,music,nn1,1818,fic
song,song,nn1,1818,fic
shade,shade,nn1,1818,fic
pale,pale,jj,1818,fic
listen,listen,vv0,1818,fic
melody,melody,nn1,1818,fic
shade,shade,nn1,1818,fic
music,music,nn1,1818,fic
see,see,vvi,1818,fic
tender,tender,jj,1818,fic
look,look,vvi,1818,fic
see,see,vvi,1818,fic
loud,loud,rr_jj,1818,fic
thunder,thunder,nn1,1818,fic
tune,tune,nn1,1818,fic
crack,crack,vv0,1818,fic
stare,stare,vv0,1818,fic
see,see,vvi,1818,fic
shade,shade,vvi,1818,fic
trumpet,trumpet,nn1,1818,fic
see,see,vvi,1818,fic
see,see,vvi,1818,fic
sweet,sweet,jj,1818,fic
see,see,vv0,1818,fic
soft,soft,jj,1818,fic
look,look,vv0,1818,fic
pale,pale,jj,1818,fic
dark,dark,jj_nn1,1818,fic
speak,speak,vv0,1818,fic
look,look,vv0,1818,fic
see,see,vvi,1818,fic
ring,ring,vv0,1818,fic
tender,tender,jj,1818,fic
hear,hear,vvi,1818,fic
look,look,nn1,1818,fic
roar,roar,nn1_vv0,1818,fic
talk,talk,vvi,1818,fic
speak,speak,vv0,1818,fic
dark,dark,nn1_jj,1818,fic
hear,hear,vv0,1818,fic
roar,roar,vvi,1818,fic
look,look,nn1_vv0,1818,fic
see,see,vv0,1818,fic
hear,hear,vvi,1818,fic
pale,pale,jj,1818,fic
touch,touch,vv0,1818,fic
look,look,vvi,1818,fic
trumpet,trumpet,nn1_vv0,1818,fic
sight,sight,nn1,1819,fic
cold,cold,jj_nn1,1819,fic
warm,warm,jj,1819,fic
dry,dry,jj_vv0@,1819,fic
warm,warm,vvi,1819,fic
shining,shine,jj,1819,fic
look,look,nn1_vv0,1819,fic
look,look,nn1,1819,fic
eye,eye,nn1,1819,fic
see,see,vvi,1819,fic
look,look,vv0,1819,fic
thunder,thunder,nn1_vv0@,1819,fic
song,song,nn1,1819,fic
taste,taste,nn1,1819,fic
smoky,smoky,jj,1819,fic
sunny,sunny,jj,1819,fic
see,see,vvi,1819,fic
warm,warm,jj,1819,fic
look,look,vvi,1819,fic
look,look,vvi,1819,fic
see,see,vvi,1819,fic
see,see,vv0,1819,fic
dull,dull,jj,1819,fic
golden,golden,jj,1819,fic
gaze,gaze,nn1,1819,fic
bright,bright,jj,1819,fic
sight,sight,nn1,1819,fic
tender,tender,jj,1819,fic
hear,hear,vv0,1819,fic
see,see,vv0,1819,fic
see,see,vvi,1819,fic
see,see,vvi,1819,fic
image,image,nn1,1819,fic
soft,soft,jj,1819,fic
pale,pale,jj,1819,fic
wet,wet,vvn@_vv0@_vvd@,1819,fic
dark,dark,jj_nn1,1819,fic
look,look,nn1_vv0,1819,fic
speak,speak,vvi,1819,fic
see,see,vv0,1819,fic
dense,dense,jj,1819,fic
white,white,jj_nn1@,1819,fic
sweet,sweet,jj,1819,fic
moonlight,moonlight,nn1,1819,fic
hoarse,hoarse,jj,1819,fic
song,song,nn1,1819,fic
sweet,sweet,jj,1819,fic
green,green,jj,1819,fic
blue,blue,nn1@_jj,1819,fic
glance,glance,nn1,1819,fic
translucent,translucent,jj,1819,fic
song,song,nn1,1819,fic
tender,tender,jj,1819,fic
voice,voice,nn1_vv0@,1819,fic
hear,hear,vv0,1819,fic
talk,talk,nn1,1819,fic
shade,shade,nn1,1819,fic
speak,speak,vvi,1819,fic
pale,pale,jj,1819,fic
sweet,sweet,jj_nn1@,1819,fic
see,see,vvi,1819,fic
whisper,whisper,nn1,1819,fic
silence,silence,nn1,1819,fic
pale,pale,jj,1819,fic
see,see,vv0,1819,fic
rough,rough,jj_vv0@,1819,fic
speak,speak,vv0,1819,fic
lute,lute,nn1,1819,fic
cold,cold,jj,1819,fic
smell,smell,nn1,1819,fic
taste,taste,nn1,1819,fic
shadow,shadow,nn1,1819,fic
voice,voice,nn1,1819,fic
shine,shine,vvi,1819,fic
burning,burn,jj_vvg,1819,fic
eye,eye,nn1,1819,fic
voice,voice,nn1,1819,fic
golden,golden,jj,1819,fic
soft,soft,jj,1819,fic
thunder,thunder,vv0@_nn1,1819,fic
bell,bell,nn1,1819,fic
gaze,gaze,nn1,1819,fic
hear,hear,vv0,1819,fic
black,black,jj,1819,fic
see,see,vv0,1819,fic
look,look,nn1,1819,fic
eye,eye,nn1,1819,fic
speak,speak,vv0,1819,fic
thunder,thunder,nn1,1819,fic
roar,roar,vv0_nn1,1819,fic
thunder,thunder,nn1,1819,fic
dark,dark,jj,1819,fic
loud,loud,rr_jj,1819,fic
hear,hear,vvi,1819,fic
hear,hear,vvi,1819,fic
behold,behold,vv0,1819,fic
sight,sight,nn1,1819,fic
silence,silence,vvi,1819,fic
look,look,vvi,1819,fic
look,look,nn1,1819,fic
speak,speak,vv0,1819,fic
speak,speak,vvi,1819,fic
speak,speak,vvi,1819,fic
red,red,nn1_jj,1819,fic
thunder,thunder,nn1,1819,fic
hear,hear,vv0,1819,fic
loud,loud,jj,1819,fic
see,see,vv0,1819,fic
howl,howl,vv0_nn1_np1@,1819,fic
howl,howl,vv0_nn1,1819,fic
look,look,vv0,1819,fic
hear,hear,vv0,1819,fic
hear,hear,vv0,1819,fic
bright,bright,jj,1819,fic
voice,voice,nn1,1819,fic
burning,burning,jj,1819,fic
reeking,reek,vvg,1819,fic
see,see,vv0,1819,fic
look,look,vv0,1819,fic
hear,hear,vv0,1819,fic
look,look,vv0,1819,fic
silence,silence,nn1,1819,fic
behold,behold,vv0,1819,fic
behold,behold,vv0,1819,fic
see,see,vv0,1819,fic
whisper,whisper,nn1,1819,fic
sweet,sweet,jj,1819,fic
shade,shade,nn1,1819,fic
look,look,vv0,1819,fic
sweet,sweet,jj,1819,fic
speak,speak,vv0,1819,fic
purple,purple,jj,1819,fic
sound,sound,nn1,1819,fic
shout,shout,vv0_nn1,1819,fic
look,look,nn1_vv0,1819,fic
look,look,vv0_nn1,1819,fic
speak,speak,vv0,1819,fic
see,see,vvi,1819,fic
hear,hear,vv0,1819,fic
concert,concert,nn1,1819,fic
behold,behold,vv0,1819,fic
image,image,nn1,1819,fic
speak,speak,vv0,1819,fic
behold,behold,vv0,1819,fic
sweet,sweet,jj,1819,fic
bright,bright,jj,1819,fic
watch,watch,nn1_vv0,1819,fic
see,see,vv0,1819,fic
watch,watch,vvi,1819,fic
watch,watch,nn1,1819,fic
burning,burn,vvg_jj,1819,fic
silent,silent,jj,1819,fic
taste,taste,vvi,1819,fic
see,see,vv0,1819,fic
taste,taste,nn1,1819,fic
hear,hear,vvi,1819,fic
trumpet,trumpet,nn1,1819,fic
taste,taste,vvi,1819,fic
groan,groan,vv0_nn1,1819,fic
howl,howl,vv0,1819,fic
voice,voice,nn1,1819,fic
hear,hear,vv0,1819,fic
soft,soft,jj,1819,fic
music,music,nn1,1819,fic
speak,speak,vv0,1819,fic
watch,watch,nn1_vv0,1819,fic
see,see,vvi,1819,fic
see,see,vv0,1819,fic
eye,eye,nn1,1819,fic
hot,hot,jj,1819,fic
stare,stare,vvi,1819,fic
look,look,vv0_nn1,1819,fic
dull,dull,jj,1819,fic
see,see,vvi,1819,fic
see,see,vvi,1819,fic
hear,hear,vv0,1819,fic
see,see,vv0,1819,fic
see,see,vvi,1819,fic
dry,dry,jj_vv0@,1819,fic
dry,dry,jj_vv0@,1819,fic
see,see,vv0,1819,fic
dry,dry,jj,1819,fic
dry,dry,jj_vv0@,1819,fic
dry,dry,jj_vv0@,1819,fic
dry,dry,jj_vv0@,1819,fic
dry,dry,jj_vv0@,1819,fic
dry,dry,jj_vv0@,1819,fic
dry,dry,jj_vv0@,1819,fic
dull,dull,jj,1819,fic
dry,dry,jj_vv0@,1819,fic
clear,clear,jj,1819,fic
dry,dry,jj,1819,fic
dry,dry,jj_vv0@,1819,fic
see,see,vvi,1819,fic
see,see,vvi,1819,fic
loud,loud,jj,1819,fic
red,red,jj,1819,fic
see,see,vvi,1819,fic
hot,hot,jj,1819,fic
red,red,jj,1819,fic
red,red,jj,1819,fic
speak,speak,vv0,1819,fic
see,see,vv0,1819,fic
burning,burn,vvg_jj,1819,fic
roar,roar,nn1,1819,fic
silence,silence,nn1,1819,fic
noise,noise,nn1,1819,fic
eye,eye,nn1,1819,fic
black,black,jj,1819,fic
look,look,vv0_nn1,1819,fic
look,look,vv0_nn1,1819,fic
voice,voice,nn1,1819,fic
speak,speak,vvi,1819,fic
cold,cold,jj,1815,mag
reflection,reflection,nn1,1815,mag
white,white,jj,1815,mag
gelatinous,gelatinous,jj,1815,mag
look,look,vvi,1816,mag
sight,sight,nn1,1816,mag
see,see,vvi,1816,mag
look,look,vvi,1816,mag
black,black,jj,1816,mag
warm,warm,jj,1816,mag
blue,blue,jj,1816,mag
transparent,transparent,jj,1816,mag
black,black,jj,1816,mag
black,black,jj,1816,mag
blue,blue,jj,1816,mag
gleam,gleam,nn1_vv0,1816,mag
black,black,jj_nn1@,1816,mag
roar,roar,nn1,1816,mag
roar,roar,nn1,1816,mag
white,white,jj,1816,mag
burning,burning,jj,1816,mag
burning,burn,vvg,1816,mag
dark,dark,jj_nn1,1816,mag
green,green,jj_nn1,1816,mag
see,see,vvi,1816,mag
slippery,slippery,jj,1816,mag
roar,roar,nn1,1816,mag
speak,speak,vvi,1816,mag
eye,eye,nn1,1816,mag
sound,sound,nn1,1816,mag
cold,cold,jj_nn1,1816,mag
shadow,shadow,nn1,1816,mag
smooth,smooth,jj,1816,mag
eye,eye,nn1,1816,mag
roar,roar,nn1,1816,mag
sight,sight,nn1,1816,mag
white,white,jj,1816,mag
roar,roar,nn1,1816,mag
dazzling,dazzling,jj,1816,mag
reflection,reflection,nn1,1816,mag
taste,taste,nn1,1816,mag
taste,taste,nn1,1816,mag
look,look,vv0,1816,mag
speak,speak,vvi,1816,mag
picture,picture,nn1,1816,mag
taste,taste,nn1,1816,mag
picture,picture,nn1,1816,mag
sound,sound,nn1_jj@,1816,mag
taste,taste,nn1,1816,mag
taste,taste,nn1,1816,mag
taste,taste,nn1,1816,mag
eye,eye,nn1,1816,mag
picture,picture,nn1,1816,mag
glance,glance,nn1,1816,mag
eye,eye,nn1,1816,mag
taste,taste,nn1,1816,mag
picture,picture,nn1,1816,mag
taste,taste,nn1,1816,mag
taste,taste,nn1,1816,mag
taste,taste,nn1,1816,mag
speak,speak,vv0,1816,mag
taste,taste,nn1,1816,mag
taste,taste,nn1,1816,mag
taste,taste,nn1,1816,mag
taste,taste,nn1,1816,mag
taste,taste,nn1,1816,mag
taste,taste,nn1,1816,mag
look,look,vv0,1816,mag
clear,clear,jj,1816,mag
polished,polish,vvn_jj,1816,mag
polished,polished,jj,1816,mag
speak,speak,vvi,1816,mag
rough,rough,jj,1816,mag
taste,taste,nn1,1816,mag
hear,hear,vvi,1816,mag
look,look,vv0,1817,mag
eye,eye,nn1,1817,mag
burning,burn,vvg,1817,mag
look,look,vvi,1817,mag
see,see,vv0,1817,mag
hear,hear,vvi,1817,mag
heat,heat,nn1,1817,mag
look,look,vvi,1817,mag
hot,hot,jj,1817,mag
concert,concert,nn1,1817,mag
reflection,reflection,nn1,1817,mag
look,look,vvi,1817,mag
clear,clear,jj_rr@,1817,mag
sound,sound,nn1_jj@,1817,mag
cold,cold,jj_nn1,1817,mag
taste,taste,nn1,1817,mag
cold,cold,jj_nn1,1817,mag
warm,warm,jj,1817,mag
taste,taste,nn1,1817,mag
listen,listen,vvi,1817,mag
warm,warm,jj,1817,mag
tender,tender,jj_nn1@,1817,mag
talk,talk,nn1,1817,mag
look,look,vvi,1817,mag
listen,listen,vvi,1817,mag
see,see,vv0,1817,mag
reflection,reflection,nn1,1817,mag
bitter,bitter,jj_nn1@,1817,mag
warmth,warmth,nn1,1817,mag
hear,hear,vvi,1817,mag
rough,rough,jj,1817,mag
taste,taste,nn1_vv0@,1817,mag
see,see,vvi,1817,mag
hear,hear,vv0,1817,mag
smooth,smooth,jj,1817,mag
voice,voice,nn1,1817,mag
sound,sound,nn1,1817,mag
voice,voice,nn1,1817,mag
taste,taste,nn1,1817,mag
dull,dull,jj_vv0@,1817,mag
listen,listen,vvi,1817,mag
cold,cold,jj_nn1,1817,mag
taste,taste,nn1,1817,mag
see,see,vvi,1817,mag
look,look,vv0_nn1,1817,mag
noise,noise,nn1,1817,mag
reflection,reflection,nn1,1817,mag
see,see,vv0,1817,mag
voice,voice,nn1,1817,mag
eye,eye,nn1,1817,mag
gaze,gaze,nn1,1817,mag
dark,dark,nn1_jj,1817,mag
bright,bright,jj,1817,mag
white,white,jj,1817,mag
loud,loud,jj_rr,1817,mag
thunder,thunder,nn1,1817,mag
glance,glance,nn1,1817,mag
voice,voice,nn1,1817,mag
noise,noise,nn1,1817,mag
eye,eye,nn1,1817,mag
picture,picture,nn1,1817,mag
bitter,bitter,jj_nn1@,1817,mag
obscurity,obscurity,nn1,1817,mag
sound,sound,nn1,1817,mag
look,look,vv0,1817,mag
see,see,vvi,1817,mag
dark,dark,nn1_jj,1817,mag
solar,solar,jj,1817,mag
clear,clear,jj,1817,mag
look,look,nn1_vv0,1817,mag
taste,taste,nn1,1817,mag
dull,dull,jj,1817,mag
dark,dark,jj_nn1,1817,mag
see,see,vvi,1817,mag
speak,speak,vvi,1817,mag
touch,touch,vvi,1817,mag
see,see,vvi,1817,mag
see,see,vv0,1817,mag
see,see,vvi,1817,mag
see,see,vvi,1817,mag
look,look,vvi,1817,mag
taste,taste,nn1,1817,mag
hear,hear,vvi,1818,mag
music,music,nn1,1818,mag
symphony,symphony,nn1,1818,mag
hear,hear,vvi,1818,mag
talk,talk,nn1,1818,mag
song,song,nn1,1818,mag
sweetness,sweetness,nn1,1818,mag
look,look,vv0,1818,mag
look,look,vv0,1818,mag
see,see,vvi,1818,mag
soft,soft,jj,1818,mag
voice,voice,nn1,1818,mag
sweet,sweet,jj,1818,mag
tender,tender,jj_nn1@,1818,mag
guitar,guitar,nn1,1818,mag
organ,organ,nn1,1818,mag
refreshing,refreshing,jj,1818,mag
sweet,sweet,jj,1818,mag
sweetness,sweetness,nn1,1818,mag
music,music,nn1,1818,mag
black,black,jj,1818,mag
reflection,reflection,nn1,1818,mag
glimpse,glimpse,nn1,1818,mag
golden,golden,jj,1818,mag
dark,dark,jj,1818,mag
sound,sound,nn1_jj@,1818,mag
dark,dark,nn1_jj,1818,mag
obscurity,obscurity,nn1,1818,mag
polished,polish,vvn_jj_vvd,1818,mag
taste,taste,nn1,1818,mag
music,music,nn1,1818,mag
taste,taste,nn1,1818,mag
bright,bright,jj,1818,mag
brilliant,brilliant,jj,1818,mag
watch,watch,vv0,1818,mag
watch,watch,vvi,1818,mag
see,see,vvi,1818,mag
reflection,reflection,nn1,1818,mag
look,look,vv0_nn1,1818,mag
behold,behold,vvi,1818,mag
see,see,vvi,1818,mag
sound,sound,nn1_jj@,1818,mag
sound,sound,nn1_jj@,1818,mag
organ,organ,nn1,1818,mag
see,see,vvi,1818,mag
clear,clear,jj,1818,mag
polished,polished,jj,1818,mag
hear,hear,vv0,1818,mag
stare,stare,nn1@_vv0,1819,mag
see,see,vvi,1819,mag
taste,taste,nn1,1819,mag
polished,polished,jj,1819,mag
voice,voice,nn1,1819,mag
taste,taste,nn1,1819,mag
bitter,bitter,jj,1819,mag
dull,dull,jj,1819,mag
taste,taste,nn1,1819,mag
look,look,nn1_vv0,1819,mag
dry,dry,jj,1819,mag
taste,taste,nn1,1819,mag
taste,taste,nn1,1819,mag
taste,taste,nn1,1819,mag
taste,taste,nn1,1819,mag
taste,taste,nn1,1819,mag
picture,picture,nn1,1819,mag
stinking,stink,vvg_jj@,1819,mag
organ,organ,nn1,1815,nf
thunder,thunder,nn1,1815,nf
tender,tender,jj_nn1@,1815,nf
glimpse,glimpse,nn1,1815,nf
dumb,dumb,jj,1815,nf
tender,tender,jj,1815,nf
see,see,vv0,1815,nf
tender,tender,jj,1815,nf
eye,eye,nn1,1815,nf
see,see,vv0,1815,nf
see,see,vv0,1815,nf
see,see,vvi,1815,nf
speak,speak,vv0,1815,nf
sound,sound,nn1_jj@,1815,nf
see,see,vv0,1815,nf
golden,golden,jj,1815,nf
see,see,vvi,1815,nf
see,see,vvi,1815,nf
music,music,nn1,1815,nf
sight,sight,nn1,1815,nf
sound,sound,nn1,1815,nf
sound,sound,nn1,1815,nf
sight,sight,nn1,1815,nf
shine,shine,vvi,1815,nf
groan,groan,nn1_vv0,1815,nf
heat,heat,nn1,1815,nf
hear,hear,vv0,1815,nf
see,see,vvi,1815,nf
glitter,glitter,nn1,1815,nf
soft,soft,jj,1815,nf
rough,rough,jj,1815,nf
rough,rough,jj,1815,nf
rough,rough,jj,1815,nf
speak,speak,vv0,1815,nf
silence,silence,vvi,1815,nf
eye,eye,nn1,1815,nf
eye,eye,nn1,1815,nf
eye,eye,nn1,1815,nf
sight,sight,nn1,1815,nf
behold,behold,vv0,1815,nf
dark,dark,jj_nn1,1815,nf
see,see,vv0,1815,nf
tender,tender,jj,1815,nf
silent,silent,jj,1815,nf
look,look,vv0_nn1,1815,nf
shine,shine,nn1_vv0,1815,nf
speak,speak,vv0,1815,nf
sound,sound,nn1,1815,nf
sound,sound,nn1,1815,nf
song,song,nn1,1815,nf
sound,sound,vv0@,1815,nf
sing,sing,vv0,1815,nf
eye,eye,nn1,1815,nf
white,white,jj,1815,nf
speak,speak,vvi,1815,nf
sharp,sharp,jj,1815,nf
speak,speak,vv0,1815,nf
red,red,jj_nn1,1815,nf
image,image,nn1,1815,nf
image,image,nn1,1815,nf
voice,voice,nn1,1815,nf
voice,voice,nn1,1815,nf
voice,voice,nn1,1815,nf
see,see,vvi,1815,nf
shadow,shadow,nn1,1815,nf
see,see,vv0,1815,nf
hear,hear,vvi,1815,nf
hear,hear,vvi,1815,nf
shout,shout,nn1,1815,nf
hear,hear,vv0,1815,nf
hear,hear,vv0,1815,nf
dark,dark,jj_nn1,1815,nf
clear,clear,jj,1815,nf
dark,dark,jj_nn1,1815,nf
look,look,vv0,1815,nf
loud,loud,jj,1815,nf
voice,voice,nn1,1815,nf
hear,hear,vvi,1815,nf
hear,hear,vvi,1815,nf
burning,burning,jj,1815,nf
hear,hear,vv0,1815,nf
see,see,vvi,1815,nf
see,see,vvi,1815,nf
hear,hear,vvi,1815,nf
hear,hear,vvi,1815,nf
picture,picture,nn1,1816,nf
picture,picture,nn1,1816,nf
picture,picture,nn1,1816,nf
picture,picture,nn1,1816,nf
picture,picture,nn1,1816,nf
picture,picture,nn1,1816,nf
taste,taste,nn1,1816,nf
black,black,jj,1816,nf
look,look,vvi,1816,nf
see,see,vvi,1816,nf
golden,golden,jj,1816,nf
image,image,nn1,1816,nf
warm,warm,jj,1816,nf
watch,watch,vvi,1816,nf
red,red,jj_nn1,1816,nf
black,black,jj,1816,nf
picture,picture,nn1,1816,nf
sight,sight,nn1,1816,nf
eye,eye,nn1,1816,nf
golden,golden,jj,1816,nf
taste,taste,nn1,1816,nf
see,see,vvi,1816,nf
red,red,nn1_jj,1816,nf
yellow,yellow,jj,1816,nf
blue,blue,jj_nn1@,1816,nf
indigo,indigo,nn1_jj,1816,nf
look,look,vvi,1816,nf
picture,picture,nn1,1816,nf
black,black,jj,1816,nf
picture,picture,nn1,1816,nf
picture,picture,nn1,1816,nf
sight,sight,nn1,1816,nf
sight,sight,nn1,1816,nf
eye,eye,nn1,1816,nf
picture,picture,nn1,1816,nf
picture,picture,nn1,1816,nf
see,see,vvi,1816,nf
picture,picture,nn1,1816,nf
picture,picture,nn1,1816,nf
picture,picture,nn1,1816,nf
picture,picture,nn1,1816,nf
picture,picture,nn1,1816,nf
picture,picture,nn1,1816,nf
sight,sight,nn1,1816,nf
see,see,vvi,1816,nf
see,see,vvi,1816,nf
obscurity,obscurity,nn1,1816,nf
white,white,jj,1816,nf
see,see,vvi,1816,nf
see,see,vvi,1816,nf
silence,silence,nn1,1816,nf
clear,clear,jj,1816,nf
polished,polished,jj,1816,nf
picture,picture,nn1,1816,nf
picture,picture,nn1,1816,nf
picture,picture,nn1,1816,nf
look,look,nn1_vv0,1816,nf
golden,golden,jj,1816,nf
sight,sight,nn1,1816,nf
silence,silence,nn1,1816,nf
sight,sight,nn1,1816,nf
picture,picture,nn1,1816,nf
rigid,rigid,jj,1816,nf
reflection,reflection,nn1,1816,nf
picture,picture,nn1,1816,nf
picture,picture,nn1,1816,nf
picture,picture,nn1,1816,nf
eye,eye,nn1,1816,nf
touch,touch,nn1,1816,nf
picture,picture,nn1,1816,nf
taste,taste,nn1,1816,nf
taste,taste,nn1,1816,nf
polished,polished,jj,1816,nf
reflection,reflection,nn1,1816,nf
sight,sight,nn1,1816,nf
see,see,vvi,1816,nf
picture,picture,nn1,1816,nf
dark,dark,jj_nn1,1816,nf
shadow,shadow,nn1,1816,nf
dark,dark,jj_nn1,1816,nf
picture,picture,nn1,1816,nf
picture,picture,nn1,1816,nf
see,see,vvi,1816,nf
clear,clear,jj,1816,nf
see,see,vvi,1816,nf
silence,silence,nn1,1816,nf
image,image,nn1,1816,nf
tinkle,tinkle,nn1,1816,nf
bell,bell,nn1,1816,nf
taste,taste,nn1_vv0@,1816,nf
sight,sight,nn1,1816,nf
brilliant,brilliant,jj,1816,nf
taste,taste,nn1,1816,nf
see,see,vvi,1816,nf
touch,touch,nn1,1816,nf
eye,eye,nn1,1816,nf
behold,behold,vv0,1816,nf
taste,taste,nn1,1816,nf
shining,shining,jj_vvg,1816,nf
see,see,vvi,1816,nf
look,look,vvi,1816,nf
organ,organ,nn1,1816,nf
silence,silence,nn1,1816,nf
see,see,vvi,1816,nf
picture,picture,nn1,1816,nf
taste,taste,nn1,1816,nf
eye,eye,nn1_np1,1816,nf
sight,sight,nn1,1816,nf
taste,taste,nn1,1816,nf
shade,shade,nn1,1816,nf
warm,warm,jj,1816,nf
cold,cold,jj,1816,nf
picture,picture,nn1,1816,nf
see,see,vvi,1816,nf
see,see,vvi,1816,nf
eye,eye,nn1,1816,nf
see,see,vvi,1816,nf
warm,warm,jj,1816,nf
picture,picture,nn1,1816,nf
picture,picture,nn1,1816,nf
picture,picture,nn1,1816,nf
taste,taste,nn1,1816,nf
picture,picture,nn1,1816,nf
taste,taste,nn1,1816,nf
taste,taste,nn1,1816,nf
picture,picture,nn1,1816,nf
picture,picture,nn1,1816,nf
see,see,vvi,1816,nf
taste,taste,nn1,1816,nf
picture,picture,nn1,1816,nf
picture,picture,nn1,1816,nf
picture,picture,nn1,1816,nf
picture,picture,nn1,1816,nf
picture,picture,nn1,1816,nf
warmth,warmth,nn1,1816,nf
sweetness,sweetness,nn1,1816,nf
picture,picture,nn1,1816,nf
picture,picture,nn1,1816,nf
ringing,ring,vvg,1816,nf
bell,bell,nn1,1816,nf
picture,picture,nn1,1816,nf
see,see,vvi,1816,nf
see,see,vvi,1816,nf
picture,picture,nn1,1816,nf
picture,picture,nn1,1816,nf
picture,picture,nn1,1816,nf
hear,hear,vvi,1816,nf
eye,eye,nn1,1816,nf
picture,picture,nn1,1816,nf
see,see,vvi,1816,nf
glance,glance,nn1,1816,nf
picture,picture,nn1,1816,nf
picture,picture,nn1,1816,nf
picture,picture,nn1,1816,nf
look,look,vv0,1816,nf
look,look,vv0_nn1,1816,nf
white,white,jj,1816,nf
see,see,vv0,1816,nf
speak,speak,vvi,1816,nf
taste,taste,nn1,1816,nf
taste,taste,nn1,1816,nf
eye,eye,nn1_np1,1816,nf
sight,sight,nn1,1816,nf
music,music,nn1,1816,nf
eye,eye,nn1,1816,nf
sight,sight,nn1,1816,nf
picture,picture,nn1,1816,nf
see,see,vv0,1816,nf
music,music,nn1,1816,nf
song,song,nn1,1816,nf
taste,taste,nn1,1816,nf
speak,speak,vvi,1816,nf
taste,taste,nn1,1816,nf
sight,sight,nn1,1816,nf
eye,eye,nn1,1816,nf
shadow,shadow,nn1,1816,nf
illuminated,illuminate,jj,1816,nf
shade,shade,nn1_vv0@,1816,nf
shade,shade,nn1_vv0@,1816,nf
image,image,nn1,1816,nf
picture,picture,nn1,1816,nf
eye,eye,nn1,1816,nf
shade,shade,nn1,1816,nf
see,see,vv0,1816,nf
see,see,vv0,1816,nf
brilliant,brilliant,jj,1816,nf
shade,shade,nn1,1816,nf
picture,picture,nn1,1816,nf
eye,eye,nn1,1816,nf
look,look,vv0,1816,nf
see,see,vvi,1816,nf
taste,taste,nn1,1816,nf
taste,taste,nn1,1816,nf
dry,dry,jj,1816,nf
touch,touch,vvi,1816,nf
look,look,vvi,1816,nf
look,look,vv0,1816,nf
see,see,vv0,1816,nf
behold,behold,vv0,1816,nf
picture,picture,nn1,1816,nf
red,red,nn1_jj,1816,nf
picture,picture,nn1,1816,nf
blue,blue,nn1@_jj,1816,nf
black,black,jj_nn1@,1816,nf
picture,picture,nn1,1816,nf
dark,dark,jj_nn1,1816,nf
picture,picture,nn1,1816,nf
golden,golden,jj,1816,nf
picture,picture,nn1,1816,nf
harmonious,harmonious,jj,1816,nf
vocal,vocal,jj,1816,nf
music,music,nn1,1816,nf
taste,taste,nn1,1816,nf
picture,picture,nn1,1816,nf
picture,picture,nn1,1816,nf
picture,picture,nn1,1816,nf
picture,picture,nn1,1816,nf
illuminated,illuminate,vvn,1816,nf
picture,picture,nn1,1816,nf
picture,picture,nn1,1816,nf
picture,picture,nn1,1816,nf
see,see,vvi,1816,nf
picture,picture,nn1,1816,nf
coldness,coldness,nn1,1816,nf
taste,taste,nn1,1816,nf
picture,picture,nn1,1816,nf
picture,picture,nn1,1816,nf
picture,picture,nn1,1816,nf
warm,warm,jj,1816,nf
rough,rough,jj,1816,nf
whisper,whisper,nn1,1816,nf
warm,warm,jj,1816,nf
stroke,stroke,nn1,1816,nf
taste,taste,nn1,1816,nf
taste,taste,nn1,1816,nf
eye,eye,nn1,1816,nf
look,look,nn1,1816,nf
picture,picture,nn1,1816,nf
picture,picture,nn1,1816,nf
picture,picture,nn1,1816,nf
picture,picture,nn1,1816,nf
picture,picture,nn1,1816,nf
picture,picture,nn1,1816,nf
burning,burn,jj,1816,nf
red,red,np1,1816,nf
picture,picture,vv0@,1816,nf
black,black,jj,1816,nf
transparent,transparent,jj,1816,nf
picture,picture,nn1,1816,nf
picture,picture,nn1,1816,nf
picture,picture,nn1,1816,nf
picture,picture,nn1,1816,nf
picture,picture,nn1,1816,nf
picture,picture,nn1,1816,nf
picture,picture,nn1,1816,nf
red,red,np1,1816,nf
pale,pale,jj,1816,nf
picture,picture,nn1,1816,nf
red,red,jj,1816,nf
picture,picture,nn1,1816,nf
picture,picture,nn1,1816,nf
picture,picture,nn1,1816,nf
picture,picture,nn1,1816,nf
picture,picture,nn1,1816,nf
golden,golden,jj,1816,nf
picture,picture,nn1,1816,nf
picture,picture,nn1,1816,nf
picture,picture,nn1,1816,nf
picture,picture,nn1,1816,nf
sight,sight,nn1,1816,nf
picture,picture,nn1,1816,nf
picture,picture,nn1,1816,nf
picture,picture,nn1,1816,nf
see,see,vv0,1816,nf
picture,picture,nn1,1816,nf
see,see,vv0,1816,nf
shine,shine,vvi,1816,nf
white,white,jj,1816,nf
behold,behold,vv0,1816,nf
picture,picture,nn1,1816,nf
image,image,nn1,1817,nf
image,image,nn1,1817,nf
image,image,nn1,1817,nf
glitter,glitter,vv0@_nn1,1817,nf
shine,shine,vv0_nn1,1817,nf
look,look,vv0_nn1,1817,nf
purple,purple,nn1@_jj,1817,nf
golden,golden,jj,1817,nf
bitterness,bitterness,nn1,1817,nf
clear,clear,jj,1817,nf
tune,tune,nn1,1817,nf
see,see,vvi,1817,nf
rigid,rigid,jj,1817,nf
clear,clear,vvi,1817,nf
burning,burning,jj,1817,nf
speak,speak,vv0,1817,nf
behold,behold,vv0,1817,nf
silent,silent,jj,1817,nf
tender,tender,jj,1817,nf
listen,listen,vvi,1817,nf
voice,voice,nn1,1817,nf
soft,soft,jj,1817,nf
listen,listen,vvi,1817,nf
hear,hear,vv0,1817,nf
hear,hear,vvi,1817,nf
shining,shining,jj_vvg,1817,nf
watch,watch,vvi,1817,nf
see,see,vv0,1817,nf
tender,tender,jj,1817,nf
listen,listen,vvi,1817,nf
silence,silence,nn1,1817,nf
reflection,reflection,nn1,1817,nf
reflection,reflection,nn1,1817,nf
tender,tender,jj,1817,nf
eye,eye,nn1,1817,nf
smooth,smooth,vvi,1817,nf
bitter,bitter,jj,1817,nf
noisy,noisy,jj,1817,nf
glance,glance,nn1,1817,nf
eye,eye,nn1,1817,nf
voice,voice,nn1,1817,nf
voice,voice,nn1,1817,nf
hear,hear,vvi,1817,nf
disgusting,disgusting,jj,1817,nf
silent,silent,jj,1817,nf
see,see,vvi,1817,nf
polished,polished,jj_vvn_vvd,1817,nf
sweetness,sweetness,nn1,1817,nf
voice,voice,nn1,1817,nf
sight,sight,nn1,1817,nf
burning,burning,jj,1817,nf
listen,listen,vvi,1817,nf
burning,burning,jj,1817,nf
glance,glance,nn1,1817,nf
eye,eye,nn1,1817,nf
piercing,pierce,vvg,1817,nf
look,look,vvi,1817,nf
look,look,nn1,1817,nf
bright,bright,jj,1817,nf
fragrance,fragrance,nn1,1817,nf
sight,sight,nn1,1817,nf
voice,voice,nn1,1817,nf
stroke,stroke,nn1,1817,nf
tender,tender,jj,1817,nf
behold,behold,vv0,1817,nf
silent,silent,jj,1817,nf
listen,listen,vvi,1817,nf
silent,silent,jj,1817,nf
polished,polish,vvn_vvd,1817,nf
polished,polish,vvn_vvd,1817,nf
see,see,vv0,1817,nf
see,see,vv0,1817,nf
rough,rough,jj_vv0@,1817,nf
see,see,vv0,1817,nf
look,look,vv0,1817,nf
brilliant,brilliant,jj,1817,nf
dumb,dumb,jj,1817,nf
cold,cold,jj_nn1,1817,nf
watch,watch,vvi,1817,nf
warm,warm,jj,1817,nf
speak,speak,vvi,1817,nf
behold,behold,vv0,1817,nf
red,red,jj_nn1,1817,nf
harmonious,harmonious,jj,1817,nf
voice,voice,nn1,1817,nf
see,see,vvi,1817,nf
picture,picture,nn1,1817,nf
shine,shine,nn1_vv0,1817,nf
watch,watch,vvi,1817,nf
behold,behold,vv0,1817,nf
behold,behold,vv0,1817,nf
touch,touch,nn1,1817,nf
dry,dry,jj,1817,nf
eye,eye,nn1,1817,nf
sing,sing,vvi,1817,nf
sing,sing,vv0,1817,nf
song,song,nn1,1817,nf
white,white,jj,1817,nf
speak,speak,vvi,1817,nf
white,white,jj,1817,nf
watch,watch,nn1,1817,nf
yellow,yellow,jj,1817,nf
bitter,bitter,jj,1817,nf
bitter,bitter,jj,1817,nf
voice,voice,nn1,1817,nf
silent,silent,jj,1817,nf
dark,dark,jj_nn1,1817,nf
glance,glance,nn1,1817,nf
loud,loud,jj,1817,nf
audible,audible,jj,1817,nf
eye,eye,nn1,1817,nf
see,see,vvi,1817,nf
voice,voice,nn1,1817,nf
dark,dark,jj_nn1,1817,nf
cold,cold,jj_nn1,1817,nf
heat,heat,nn1,1817,nf
tender,tender,jj,1817,nf
eye,eye,nn1,1817,nf
listen,listen,vv0,1817,nf
cold,cold,jj_nn1,1817,nf
golden,golden,jj,1817,nf
see,see,vvi,1817,nf
eye,eye,nn1,1817,nf
sing,sing,vvi,1817,nf
hear,hear,vvi,1817,nf
sweet,sweet,jj_nn1@_np1%,1817,nf
spicy,spicy,jj,1817,nf
sight,sight,nn1,1817,nf
hear,hear,vvi,1817,nf
eye,eye,nn1,1817,nf
watch,watch,vvi,1817,nf
eye,eye,nn1,1817,nf
coldness,coldness,nn1,1817,nf
thunder,thunder,nn1,1817,nf
behold,behold,vv0,1817,nf
eye,eye,nn1,1817,nf
dull,dull,vv0@_jj,1817,nf
behold,behold,vv0,1817,nf
watch,watch,nn1,1817,nf
voice,voice,nn1,1817,nf
eye,eye,nn1,1817,nf
shine,shine,vv0,1817,nf
transparent,transparent,jj,1817,nf
reflection,reflection,nn1,1817,nf
bright,bright,jj,1817,nf
talk,talk,vvi,1817,nf
burning,burning,jj,1817,nf
sweet,sweet,jj,1817,nf
taste,taste,nn1,1817,nf
behold,behold,vv0,1817,nf
sound,sound,nn1,1817,nf
sight,sight,nn1,1817,nf
eye,eye,nn1,1817,nf
listen,listen,vvi,1817,nf
white,white,jj,1817,nf
see,see,vvi,1817,nf
reflection,reflection,nn1,1817,nf
hear,hear,vvi,1817,nf
bitterness,bitterness,nn1,1817,nf
look,look,vvi,1817,nf
voice,voice,nn1,1817,nf
voice,voice,nn1,1817,nf
see,see,vv0,1817,nf
shine,shine,vvi,1817,nf
coldness,coldness,nn1,1817,nf
burning,burn,vvg_jj,1817,nf
look,look,vvi,1817,nf
bitterness,bitterness,nn1,1817,nf
shade,shade,nn1,1817,nf
sharp,sharp,rr@_jj,1817,nf
eye,eye,nn1,1817,nf
song,song,nn1,1817,nf
tender,tender,jj,1817,nf
suffused,suffuse,vvn,1817,nf
see,see,vvi,1817,nf
murmur,murmur,vvi,1817,nf
clear,clear,jj,1817,nf
behold,behold,vv0,1817,nf
song,song,nn1,1817,nf
hymn,hymn,nn1,1817,nf
taste,taste,vvi,1817,nf
eye,eye,nn1,1817,nf
music,music,nn1,1817,nf
silent,silent,jj,1817,nf
thunder,thunder,vvi,1817,nf
shining,shine,vvg,1817,nf
dark,dark,jj_nn1,1817,nf
voice,voice,nn1,1817,nf
odoriferous,odoriferous,jj,1817,nf
listen,listen,vvi,1817,nf
heat,heat,nn1,1817,nf
white,white,jj,1817,nf
behold,behold,vv0,1817,nf
hear,hear,vv0,1817,nf
behold,behold,vv0,1817,nf
see,see,vv0,1817,nf
hear,hear,vvi,1817,nf
behold,behold,vv0,1817,nf
echo,echo,nn1,1817,nf
clear,clear,jj,1817,nf
burning,burn,vvg,1817,nf
dark,dark,jj,1817,nf
brown,brown,jj,1817,nf
clear,clear,jj,1817,nf
golden,golden,jj,1817,nf
bitter,bitter,jj,1817,nf
sweet,sweet,jj_nn1@,1817,nf
look,look,nn1,1817,nf
speak,speak,vvi,1817,nf
reflection,reflection,nn1,1817,nf
eye,eye,nn1,1817,nf
clear,clear,jj_vv0@,1817,nf
eye,eye,nn1,1817,nf
touch,touch,nn1,1817,nf
see,see,vv0,1817,nf
shadow,shadow,nn1,1817,nf
tender,tender,jj,1817,nf
bright,bright,jj,1817,nf
song,song,nn1,1817,nf
silence,silence,nn1,1817,nf
gaze,gaze,nn1,1817,nf
behold,behold,vv0,1817,nf
warm,warm,jj,1817,nf
eye,eye,nn1,1817,nf
golden,golden,jj,1817,nf
sweet,sweet,jj,1817,nf
cold,cold,jj,1817,nf
touch,touch,nn1_vv0,1817,nf
hear,hear,vvi,1817,nf
golden,golden,jj,1817,nf
reflection,reflection,nn1,1817,nf
reflection,reflection,nn1,1817,nf
bitterness,bitterness,nn1,1817,nf
sound,sound,nn1,1817,nf
hear,hear,vv0,1817,nf
sound,sound,nn1_jj@,1817,nf
voice,voice,nn1,1817,nf
clear,clear,jj_vv0@,1817,nf
sound,sound,nn1_jj@,1817,nf
behold,behold,vvi,1817,nf
see,see,vvi,1817,nf
look,look,vvi,1817,nf
sound,sound,nn1_jj@,1817,nf
golden,golden,jj,1817,nf
warm,warm,jj,1817,nf
eye,eye,nn1,1817,nf
clamor,clamor,vvi,1817,nf
bitter,bitter,jj,1817,nf
picture,picture,nn1,1817,nf
see,see,vv0,1817,nf
look,look,vvi,1817,nf
sound,sound,nn1,1817,nf
look,look,vv0,1817,nf
imperceptible,imperceptible,jj,1817,nf
eye,eye,nn1,1817,nf
concert,concert,nn1,1817,nf
see,see,vvi,1817,nf
reflection,reflection,nn1,1817,nf
clear,clear,jj,1817,nf
dark,dark,jj_nn1,1817,nf
hear,hear,vv0,1817,nf
silent,silent,jj,1817,nf
loud,loud,jj,1817,nf
see,see,vvi,1817,nf
shadow,shadow,nn1,1817,nf
clamor,clamor,nn1,1817,nf
listen,listen,vvi,1817,nf
rough,rough,jj,1817,nf
rigid,rigid,jj,1817,nf
speak,speak,vvi,1817,nf
concert,concert,nn1,1817,nf
cold,cold,jj_nn1,1817,nf
see,see,vvi,1817,nf
color,color,nn1,1817,nf
picture,picture,nn1,1817,nf
colored,color,vvn,1817,nf
speak,speak,vv0,1817,nf
voice,voice,nn1,1817,nf
sound,sound,nn1,1817,nf
silent,silent,jj,1817,nf
sound,sound,vvi,1817,nf
voice,voice,nn1,1817,nf
voice,voice,nn1,1817,nf
sight,sight,nn1,1817,nf
behold,behold,vvi,1817,nf
eye,eye,nn1,1817,nf
watch,watch,vvi,1817,nf
sound,sound,nn1,1817,nf
sight,sight,nn1,1817,nf
rigid,rigid,jj,1817,nf
see,see,vvi,1817,nf
reflection,reflection,nn1,1817,nf
reflection,reflection,nn1,1817,nf
speak,speak,vvi,1817,nf
voice,voice,nn1,1817,nf
clear,clear,jj,1817,nf
watch,watch,vv0,1817,nf
bitter,bitter,jj,1817,nf
obscurity,obscurity,nn1,1817,nf
clear,clear,jj,1817,nf
silence,silence,vvi,1817,nf
brilliant,brilliant,jj,1817,nf
concert,concert,nn1,1817,nf
see,see,vvi,1817,nf
see,see,vv0,1817,nf
eye,eye,nn1,1817,nf
speak,speak,vv0,1817,nf
clash,clash,vvi,1817,nf
clamor,clamor,nn1,1817,nf
purple,purple,jj_nn1@,1817,nf
behold,behold,vvi,1817,nf
clear,clear,jj,1817,nf
clear,clear,jj,1817,nf
dim,dim,jj,1817,nf
bitter,bitter,jj,1817,nf
see,see,vvi,1817,nf
golden,golden,jj,1817,nf
clear,clear,jj,1817,nf
look,look,vv0,1817,nf
see,see,vvi,1817,nf
sight,sight,nn1,1817,nf
voice,voice,nn1,1817,nf
color,color,nn1,1817,nf
loud,loud,rr_jj,1817,nf
sound,sound,nn1_jj@,1817,nf
sound,sound,nn1_jj@,1817,nf
orange,orange,nn1_jj,1817,nf
sound,sound,vvi,1817,nf
reflection,reflection,nn1,1817,nf
look,look,vv0,1817,nf
reflection,reflection,nn1,1817,nf
see,see,vvi,1817,nf
see,see,nn1@,1817,nf
organ,organ,nn1,1817,nf
organ,organ,nn1,1817,nf
see,see,vvi,1817,nf
sound,sound,nn1_jj@,1817,nf
resound,resound,nn1_vv0,1817,nf
organ,organ,nn1,1817,nf
dark,dark,nn1_jj,1817,nf
color,color,nn1,1817,nf
eye,eye,nn1,1817,nf
organ,organ,nn1,1817,nf
speak,speak,vvi,1817,nf
speak,speak,vv0,1817,nf
eye,eye,nn1,1817,nf
color,color,nn1,1817,nf
organ,organ,nn1,1817,nf
roar,roar,nn1,1817,nf
see,see,vvi,1817,nf
shade,shade,nn1,1817,nf
eye,eye,nn1,1817,nf
eye,eye,nn1,1817,nf
see,see,vvi,1817,nf
color,color,nn1,1817,nf
organ,organ,nn1,1817,nf
organ,organ,nn1,1817,nf
silence,silence,vvi,1817,nf
